{
  "accuracy": 0.6836813611755607,
  "f1_weighted": 0.6779604437241201
}