{
  "accuracy": 0.6844547563805105,
  "f1_weighted": 0.677573592215787
}