{
  "baseline": {
    "accuracy": 0.6836813611755607,
    "f1_weighted": 0.6779604437241201
  },
  "perturbed": {
    "accuracy": 0.5282289249806651,
    "f1_weighted": 0.5074343981545614
  },
  "delta": {
    "accuracy": -0.15545243619489557,
    "f1_weighted": -0.17052604556955875
  }
}