{
  "baseline_accuracy": 0.6844547563805105,
  "after_accuracy": 0.5297757153905646,
  "accuracy_drop": -0.1546790409899459,
  "changed_features": [
    "alcohol -1.2",
    "volatile_acidity +0.1"
  ],
  "baseline": {
    "accuracy": 0.6844547563805105,
    "f1_weighted": 0.677573592215787
  },
  "perturbed": {
    "accuracy": 0.5297757153905646,
    "f1_weighted": 0.5154793546256466
  },
  "delta": {
    "accuracy": -0.1546790409899459,
    "f1_weighted": -0.1620942375901403
  }
}